epoch,Train_loss,Test_loss,Train_f1_score,Train_auroc,Test_f1_score,Test_auroc
1,0.020396029576659203,0.03400155529379845,0.9772537018167567,0.7368666291510226,0.98605456845767,0.8060435120562548
2,0.012377775274217129,0.016463523730635643,0.9934030670003333,0.8135692154373582,0.9729665464286092,0.8258021030128869
