epoch,Train_loss,Test_loss,Train_f1_score,Train_auroc,Test_f1_score,Test_auroc
1,0.020396029576659203,0.03400155529379845,0.9772537018167567,0.7368666291510226,0.98605456845767,0.8060435120562548
2,0.012377775274217129,0.016463523730635643,0.9934030670003333,0.8135692154373582,0.9729665464286092,0.8258021030128869
3,0.011160160414874554,0.013230202719569206,0.9923614742711176,0.8337153750366859,0.9884502129153102,0.8369368092706865
4,0.006652040407061577,0.009985428303480148,0.9929733714147159,0.8428173859276186,0.9879986647523515,0.8572302837658046
5,0.004945690277963877,0.006399472244083881,0.9929104714633248,0.8522043131117948,0.9774141762399136,0.8519483553285767
