epoch,Train_loss,Test_loss,Train_f1_score,Train_auroc,Test_f1_score,Test_auroc
1,0.01608252339065075,0.04926179721951485,0.9831630674645444,0.7208795807724123,0.975114558646015,0.8255648348088336
2,0.013851439580321312,0.013382102362811565,0.993036337451901,0.7958104471395986,0.975432064345592,0.8623908550045628
